feature,importance
AL,67.82187744459267
K（AVG）,21.241752488804877
ACD,3.6343071305566483
LT,3.301539040488884
年齢,2.7659587483294588
性別,1.2345651472274521
