feature,importance
AL,69.12751834521707
K（AVG）,19.901417116070068
ACD,3.529256249831702
年齢,3.1323976939040947
LT,3.0430770669167475
性別,1.2663335280603285
