{
  "features": {
    "年齢": {
      "mean": 9.197572488199595,
      "std": 2.575854778787389,
      "min": 3.0,
      "max": 18.0,
      "median": 9.0
    },
    "性別": {
      "mean": 0.4045853000674309,
      "std": 0.4909771715351458,
      "min": 0.0,
      "max": 1.0,
      "median": 0.0
    },
    "K（AVG）": {
      "mean": 7.729973027646662,
      "std": 0.2330186796696142,
      "min": 7.02,
      "max": 8.71,
      "median": 7.73
    },
    "AL": {
      "mean": 24.301105866486846,
      "std": 1.2683008457552298,
      "min": 20.06,
      "max": 28.71,
      "median": 24.27
    },
    "LT": {
      "mean": 3.4770397842211738,
      "std": 0.1966324188244324,
      "min": 2.47,
      "max": 4.49,
      "median": 3.46
    },
    "ACD": {
      "mean": 3.8102427511800405,
      "std": 0.2583202677592408,
      "min": 2.78,
      "max": 4.63,
      "median": 3.82
    }
  },
  "target": {
    "mean": -2.032892784895482,
    "std": 2.7106817045923854,
    "min": -11.469999999999999,
    "max": 9.209999999999999,
    "median": -1.7449999999999999
  }
}