feature,importance
AL,0.7544454555265572
K（AVG）,0.14432861098979166
ACD,0.03901246745899755
年齢,0.02600863358691646
LT,0.023201001156165593
性別,0.013003831281571444
