feature,importance
AL,0.7487372832402062
K（AVG）,0.14327247176614966
ACD,0.037801236319703
年齢,0.03444805964901955
LT,0.022429837486267874
性別,0.013311111538653839
